{
    "3": [0,1],
    "4": [0,2],
    "5": [0,3],
    "6": [0,4],
    "7": [0,5],
    "8": [0,6],
    "9": [0,7],
    "T": [0,8],
    "J": [0,9],
    "Q": [0,10],
    "K": [0,11],
    "A": [0,12],
    "2": [0,13],
    "B": [0,14],
    "R": [0,15],
    "33": [1,1],
    "44": [1,2],
    "55": [1,3],
    "66": [1,4],
    "77": [1,5],
    "88": [1,6],
    "99": [1,7],
    "TT": [1,8],
    "JJ": [1,9],
    "QQ": [1,10],
    "KK": [1,11],
    "AA": [1,12],
    "22": [1,13],
    "333": [2,1],
    "444": [2,2],
    "555": [2,3],
    "666": [2,4],
    "777": [2,5],
    "888": [2,6],
    "999": [2,7],
    "TTT": [2,8],
    "JJJ": [2,9],
    "QQQ": [2,10],
    "KKK": [2,11],
    "AAA": [2,12],
    "222": [2,14],
    "3334": [3,1.00],
    "3335": [3,1.02],
    "3336": [3,1.04],
    "3337": [3,1.06],
    "3338": [3,1.08],
    "3339": [3,1.10],
    "333T": [3,1.12],
    "333J": [3,1.14],
    "333Q": [3,1.16],
    "333K": [3,1.18],
    "333A": [3,1.20],
    "3332": [3,1.22],
    "333B": [3,1.24],
    "333R": [3,1.26],
    "3444": [3,2.00],
    "4445": [3,2.02],
    "4446": [3,2.04],
    "4447": [3,2.06],
    "4448": [3,2.08],
    "4449": [3,2.10],
    "444T": [3,2.12],
    "444J": [3,2.14],
    "444Q": [3,2.16],
    "444K": [3,2.18],
    "444A": [3,2.20],
    "4442": [3,2.22],
    "444B": [3,2.24],
    "444R": [3,2.26],
    "3555": [3,3.00],
    "4555": [3,3.02],
    "5556": [3,3.04],
    "5557": [3,3.06],
    "5558": [3,3.08],
    "5559": [3,3.10],
    "555T": [3,3.12],
    "555J": [3,3.14],
    "555Q": [3,3.16],
    "555K": [3,3.18],
    "555A": [3,3.20],
    "5552": [3,3.22],
    "555B": [3,3.24],
    "555R": [3,3.26],
    "3666": [3,4.00],
    "4666": [3,4.02],
    "5666": [3,4.04],
    "6667": [3,4.06],
    "6668": [3,4.08],
    "6669": [3,4.10],
    "666T": [3,4.12],
    "666J": [3,4.14],
    "666Q": [3,4.16],
    "666K": [3,4.18],
    "666A": [3,4.20],
    "6662": [3,4.22],
    "666B": [3,4.24],
    "666R": [3,4.26],
    "3777": [3,5.00],
    "4777": [3,5.02],
    "5777": [3,5.04],
    "6777": [3,5.06],
    "7778": [3,5.08],
    "7779": [3,5.10],
    "777T": [3,5.12],
    "777J": [3,5.14],
    "777Q": [3,5.16],
    "777K": [3,5.18],
    "777A": [3,5.20],
    "7772": [3,5.22],
    "777B": [3,5.24],
    "777R": [3,5.26],
    "3888": [3,6.00],
    "4888": [3,6.02],
    "5888": [3,6.04],
    "6888": [3,6.06],
    "7888": [3,6.08],
    "8889": [3,6.10],
    "888T": [3,6.12],
    "888J": [3,6.14],
    "888Q": [3,6.16],
    "888K": [3,6.18],
    "888A": [3,6.20],
    "8882": [3,6.22],
    "888B": [3,6.24],
    "888R": [3,6.26],
    "3999": [3,7.00],
    "4999": [3,7.02],
    "5999": [3,7.04],
    "6999": [3,7.06],
    "7999": [3,7.08],
    "8999": [3,7.10],
    "999T": [3,7.12],
    "999J": [3,7.14],
    "999Q": [3,7.16],
    "999K": [3,7.18],
    "999A": [3,7.20],
    "9992": [3,7.22],
    "999B": [3,7.24],
    "999R": [3,7.26],
    "3TTT": [3,8.00],
    "4TTT": [3,8.02],
    "5TTT": [3,8.04],
    "6TTT": [3,8.06],
    "7TTT": [3,8.08],
    "8TTT": [3,8.10],
    "9TTT": [3,8.12],
    "TTTJ": [3,8.14],
    "TTTQ": [3,8.16],
    "TTTK": [3,8.18],
    "TTTA": [3,8.20],
    "TTT2": [3,8.22],
    "TTTB": [3,8.24],
    "TTTR": [3,8.26],
    "3JJJ": [3,9.00],
    "4JJJ": [3,9.02],
    "5JJJ": [3,9.04],
    "6JJJ": [3,9.06],
    "7JJJ": [3,9.08],
    "8JJJ": [3,9.10],
    "9JJJ": [3,9.12],
    "TJJJ": [3,9.14],
    "JJJQ": [3,9.16],
    "JJJK": [3,9.18],
    "JJJA": [3,9.20],
    "JJJ2": [3,9.22],
    "JJJB": [3,9.24],
    "JJJR": [3,9.26],
    "3QQQ": [3,10.00],
    "4QQQ": [3,10.02],
    "5QQQ": [3,10.04],
    "6QQQ": [3,10.06],
    "7QQQ": [3,10.08],
    "8QQQ": [3,10.10],
    "9QQQ": [3,10.12],
    "TQQQ": [3,10.14],
    "JQQQ": [3,10.16],
    "QQQK": [3,10.18],
    "QQQA": [3,10.20],
    "QQQ2": [3,10.22],
    "QQQB": [3,10.24],
    "QQQR": [3,10.26],
    "3KKK": [3,11.00],
    "4KKK": [3,11.02],
    "5KKK": [3,11.04],
    "6KKK": [3,11.06],
    "7KKK": [3,11.08],
    "8KKK": [3,11.10],
    "9KKK": [3,11.12],
    "TKKK": [3,11.14],
    "JKKK": [3,11.16],
    "QKKK": [3,11.18],
    "KKKA": [3,11.20],
    "KKK2": [3,11.22],
    "KKKB": [3,11.24],
    "KKKR": [3,11.26],
    "3AAA": [3,12.00],
    "4AAA": [3,12.02],
    "5AAA": [3,12.04],
    "6AAA": [3,12.06],
    "7AAA": [3,12.08],
    "8AAA": [3,12.10],
    "9AAA": [3,12.12],
    "TAAA": [3,12.14],
    "JAAA": [3,12.16],
    "QAAA": [3,12.18],
    "KAAA": [3,12.20],
    "AAA2": [3,12.22],
    "AAAB": [3,12.24],
    "AAAR": [3,12.26],
    "3222": [3,13.00],
    "4222": [3,13.02],
    "5222": [3,13.04],
    "6222": [3,13.06],
    "7222": [3,13.08],
    "8222": [3,13.10],
    "9222": [3,13.12],
    "T222": [3,13.14],
    "J222": [3,13.16],
    "Q222": [3,13.18],
    "K222": [3,13.20],
    "A222": [3,13.22],
    "222B": [3,13.24],
    "222R": [3,13.26],
    "33344": [4,1.00],
    "33355": [4,1.02],
    "33366": [4,1.04],
    "33377": [4,1.06],
    "33388": [4,1.08],
    "33399": [4,1.10],
    "333TT": [4,1.12],
    "333JJ": [4,1.14],
    "333QQ": [4,1.16],
    "333KK": [4,1.18],
    "333AA": [4,1.20],
    "33322": [4,1.22],
    "33444": [4,2.00],
    "44455": [4,2.02],
    "44466": [4,2.04],
    "44477": [4,2.06],
    "44488": [4,2.08],
    "44499": [4,2.10],
    "444TT": [4,2.12],
    "444JJ": [4,2.14],
    "444QQ": [4,2.16],
    "444KK": [4,2.18],
    "444AA": [4,2.20],
    "44422": [4,2.22],
    "33555": [4,3.00],
    "44555": [4,3.02],
    "55566": [4,3.04],
    "55577": [4,3.06],
    "55588": [4,3.08],
    "55599": [4,3.10],
    "555TT": [4,3.12],
    "555JJ": [4,3.14],
    "555QQ": [4,3.16],
    "555KK": [4,3.18],
    "555AA": [4,3.20],
    "55522": [4,3.22],
    "33666": [4,4.00],
    "44666": [4,4.02],
    "55666": [4,4.04],
    "66677": [4,4.06],
    "66688": [4,4.08],
    "66699": [4,4.10],
    "666TT": [4,4.12],
    "666JJ": [4,4.14],
    "666QQ": [4,4.16],
    "666KK": [4,4.18],
    "666AA": [4,4.20],
    "66622": [4,4.22],
    "33777": [4,5.00],
    "44777": [4,5.02],
    "55777": [4,5.04],
    "66777": [4,5.06],
    "77788": [4,5.08],
    "77799": [4,5.10],
    "777TT": [4,5.12],
    "777JJ": [4,5.14],
    "777QQ": [4,5.16],
    "777KK": [4,5.18],
    "777AA": [4,5.20],
    "77722": [4,5.22],
    "33888": [4,6.00],
    "44888": [4,6.02],
    "55888": [4,6.04],
    "66888": [4,6.06],
    "77888": [4,6.08],
    "88899": [4,6.10],
    "888TT": [4,6.12],
    "888JJ": [4,6.14],
    "888QQ": [4,6.16],
    "888KK": [4,6.18],
    "888AA": [4,6.20],
    "88822": [4,6.22],
    "33999": [4,7.00],
    "44999": [4,7.02],
    "55999": [4,7.04],
    "66999": [4,7.06],
    "77999": [4,7.08],
    "88999": [4,7.10],
    "999TT": [4,7.12],
    "999JJ": [4,7.14],
    "999QQ": [4,7.16],
    "999KK": [4,7.18],
    "999AA": [4,7.20],
    "99922": [4,7.22],
    "33TTT": [4,8.00],
    "44TTT": [4,8.02],
    "55TTT": [4,8.04],
    "66TTT": [4,8.06],
    "77TTT": [4,8.08],
    "88TTT": [4,8.10],
    "99TTT": [4,8.12],
    "TTTJJ": [4,8.14],
    "TTTQQ": [4,8.16],
    "TTTKK": [4,8.18],
    "TTTAA": [4,8.20],
    "TTT22": [4,8.22],
    "33JJJ": [4,9.00],
    "44JJJ": [4,9.02],
    "55JJJ": [4,9.04],
    "66JJJ": [4,9.06],
    "77JJJ": [4,9.08],
    "88JJJ": [4,9.10],
    "99JJJ": [4,9.12],
    "TTJJJ": [4,9.14],
    "JJJQQ": [4,9.16],
    "JJJKK": [4,9.18],
    "JJJAA": [4,9.20],
    "JJJ22": [4,9.22],
    "33QQQ": [4,10.00],
    "44QQQ": [4,10.02],
    "55QQQ": [4,10.04],
    "66QQQ": [4,10.06],
    "77QQQ": [4,10.08],
    "88QQQ": [4,10.10],
    "99QQQ": [4,10.12],
    "TTQQQ": [4,10.14],
    "JJQQQ": [4,10.16],
    "QQQKK": [4,10.18],
    "QQQAA": [4,10.20],
    "QQQ22": [4,10.22],
    "33KKK": [4,11.00],
    "44KKK": [4,11.02],
    "55KKK": [4,11.04],
    "66KKK": [4,11.06],
    "77KKK": [4,11.08],
    "88KKK": [4,11.10],
    "99KKK": [4,11.12],
    "TTKKK": [4,11.14],
    "JJKKK": [4,11.16],
    "QQKKK": [4,11.18],
    "KKKAA": [4,11.20],
    "KKK22": [4,11.22],
    "33AAA": [4,12.00],
    "44AAA": [4,12.02],
    "55AAA": [4,12.04],
    "66AAA": [4,12.06],
    "77AAA": [4,12.08],
    "88AAA": [4,12.10],
    "99AAA": [4,12.12],
    "TTAAA": [4,12.14],
    "JJAAA": [4,12.16],
    "QQAAA": [4,12.18],
    "KKAAA": [4,12.20],
    "AAA22": [4,12.22],
    "33222": [4,13.00],
    "44222": [4,13.02],
    "55222": [4,13.04],
    "66222": [4,13.06],
    "77222": [4,13.08],
    "88222": [4,13.10],
    "99222": [4,13.12],
    "TT222": [4,13.14],
    "JJ222": [4,13.16],
    "QQ222": [4,13.18],
    "KK222": [4,13.20],
    "AA222": [4,13.22],
    "34567": [5,1.00],
    "45678": [5,1.02],
    "56789": [5,1.04],
    "6789T": [5,1.06],
    "789TJ": [5,1.08],
    "89TJQ": [5,1.10],
    "9TJQK": [5,1.12],
    "TJQKA": [5,1.14],
    "345678": [5,2.00],
    "456789": [5,2.02],
    "56789T": [5,2.04],
    "6789TJ": [5,2.06],
    "789TJQ": [5,2.08],
    "89TJQK": [5,2.10],
    "9TJQKA": [5,2.12],
    "3456789": [5,3.00],
    "456789T": [5,3.02],
    "56789TJ": [5,3.04],
    "6789TJQ": [5,3.06],
    "789TJQK": [5,3.08],
    "89TJQKA": [5,3.10],
    "3456789T": [5,4.00],
    "456789TJ": [5,4.02],
    "56789TJQ": [5,4.04],
    "6789TJQK": [5,4.06],
    "789TJQKA": [5,4.08],
    "3456789TJ": [5,5.00],
    "456789TJQ": [5,5.02],
    "56789TJQK": [5,5.04],
    "6789TJQKA": [5,5.06],
    "3456789TJQ": [5,6.00],
    "456789TJQK": [5,6.02],
    "56789TJQKA": [5,6.04],
    "3456789TJQK": [5,7.00],
    "456789TJQKA": [5,7.02],
    "3456789TJQKA": [5,8.00],
    "334455": [6,1.00],
    "445566": [6,1.02],
    "556677": [6,1.04],
    "667788": [6,1.06],
    "778899": [6,1.08],
    "8899TT": [6,1.10],
    "99TTJJ": [6,1.12],
    "TTJJQQ": [6,1.14],
    "JJQQKK": [6,1.16],
    "QQKKAA": [6,1.18],
    "33445566": [6,2.00],
    "44556677": [6,2.02],
    "55667788": [6,2.04],
    "66778899": [6,2.06],
    "778899TT": [6,2.08],
    "8899TTJJ": [6,2.10],
    "99TTJJQQ": [6,2.12],
    "TTJJQQKK": [6,2.14],
    "JJQQKKAA": [6,2.16],
    "3344556677": [6,3.00],
    "4455667788": [6,3.02],
    "5566778899": [6,3.04],
    "66778899TT": [6,3.06],
    "778899TTJJ": [6,3.08],
    "8899TTJJQQ": [6,3.10],
    "99TTJJQQKK": [6,3.12],
    "TTJJQQKKAA": [6,3.14],
    "334455667788": [6,4.00],
    "445566778899": [6,4.02],
    "5566778899TT": [6,4.04],
    "66778899TTJJ": [6,4.06],
    "778899TTJJQQ": [6,4.08],
    "8899TTJJQQKK": [6,4.10],
    "99TTJJQQKKAA": [6,4.12],
    "33445566778899": [6,5.00],
    "445566778899TT": [6,5.02],
    "5566778899TTJJ": [6,5.04],
    "66778899TTJJQQ": [6,5.06],
    "778899TTJJQQKK": [6,5.08],
    "8899TTJJQQKKAA": [6,5.10],
    "33445566778899TT": [6,6.00],
    "445566778899TTJJ": [6,6.02],
    "5566778899TTJJQQ": [6,6.04],
    "66778899TTJJQQKK": [6,6.06],
    "778899TTJJQQKKAA": [6,6.08],
    "33445566778899TTJJ": [6,7.00],
    "445566778899TTJJQQ": [6,7.02],
    "5566778899TTJJQQKK": [6,7.04],
    "66778899TTJJQQKKAA": [6,7.06],
    "33445566778899TTJJQQ": [6,8.00],
    "445566778899TTJJQQKK": [6,8.02],
    "5566778899TTJJQQKKAA": [6,8.04],
    "333444": [7,1.00],
    "444555": [7,1.01],
    "555666": [7,1.02],
    "666777": [7,1.03],
    "777888": [7,1.04],
    "888999": [7,1.05],
    "999TTT": [7,1.06],
    "TTTJJJ": [7,1.07],
    "JJJQQQ": [7,1.08],
    "QQQKKK": [7,1.09],
    "KKKAAA": [7,1.10],
    "333444555": [7,2.00],
    "444555666": [7,2.01],
    "555666777": [7,2.02],
    "666777888": [7,2.03],
    "777888999": [7,2.04],
    "888999TTT": [7,2.05],
    "999TTTJJJ": [7,2.06],
    "TTTJJJQQQ": [7,2.07],
    "JJJQQQKKK": [7,2.08],
    "QQQKKKAAA": [7,2.09],
    "333444555666": [7,3.00],
    "444555666777": [7,3.01],
    "555666777888": [7,3.02],
    "666777888999": [7,3.03],
    "777888999TTT": [7,3.04],
    "888999TTTJJJ": [7,3.05],
    "999TTTJJJQQQ": [7,3.06],
    "TTTJJJQQQKKK": [7,3.07],
    "JJJQQQKKKAAA": [7,3.08],
    "333444555666777": [7,4.00],
    "444555666777888": [7,4.01],
    "555666777888999": [7,4.02],
    "666777888999TTT": [7,4.03],
    "777888999TTTJJJ": [7,4.04],
    "888999TTTJJJQQQ": [7,4.05],
    "999TTTJJJQQQKKK": [7,4.06],
    "TTTJJJQQQKKKAAA": [7,4.07],
    "333444555666777888": [7,5.00],
    "444555666777888999": [7,5.01],
    "555666777888999TTT": [7,5.02],
    "666777888999TTTJJJ": [7,5.03],
    "777888999TTTJJJQQQ": [7,5.04],
    "888999TTTJJJQQQKKK": [7,5.05],
    "999TTTJJJQQQKKKAAA": [7,5.06],
    "333444**": [8,1.00],
    "444555**": [8,1.01],
    "555666**": [8,1.02],
    "666777**": [8,1.03],
    "777888**": [8,1.04],
    "888999**": [8,1.05],
    "999TTT**": [8,1.06],
    "TTTJJJ**": [8,1.07],
    "JJJQQQ**": [8,1.08],
    "QQQKKK**": [8,1.09],
    "KKKAAA**": [8,1.10],
    "333444555***": [8,2.00],
    "444555666***": [8,2.01],
    "555666777***": [8,2.02],
    "666777888***": [8,2.03],
    "777888999***": [8,2.04],
    "888999TTT***": [8,2.05],
    "999TTTJJJ***": [8,2.06],
    "TTTJJJQQQ***": [8,2.07],
    "JJJQQQKKK***": [8,2.08],
    "QQQKKKAAA***": [8,2.09],
    "333444555666****": [8,3.00],
    "444555666777****": [8,3.01],
    "555666777888****": [8,3.02],
    "666777888999****": [8,3.03],
    "777888999TTT****": [8,3.04],
    "888999TTTJJJ****": [8,3.05],
    "999TTTJJJQQQ****": [8,3.06],
    "TTTJJJQQQKKK****": [8,3.07],
    "JJJQQQKKKAAA****": [8,3.08],
    "333444555666777*****": [8,4.00],
    "444555666777888*****": [8,4.01],
    "555666777888999*****": [8,4.02],
    "666777888999TTT*****": [8,4.03],
    "777888999TTTJJJ*****": [8,4.04],
    "888999TTTJJJQQQ*****": [8,4.05],
    "999TTTJJJQQQKKK*****": [8,4.06],
    "TTTJJJQQQKKKAAA*****": [8,4.07],
    "333444****": [9,1.00],
    "444555****": [9,1.01],
    "555666****": [9,1.02],
    "666777****": [9,1.03],
    "777888****": [9,1.04],
    "888999****": [9,1.05],
    "999TTT****": [9,1.06],
    "TTTJJJ****": [9,1.07],
    "JJJQQQ****": [9,1.08],
    "QQQKKK****": [9,1.09],
    "KKKAAA****": [9,1.10],
    "333444555******": [9,2.00],
    "444555666******": [9,2.01],
    "555666777******": [9,2.02],
    "666777888******": [9,2.03],
    "777888999******": [9,2.04],
    "888999TTT******": [9,2.05],
    "999TTTJJJ******": [9,2.06],
    "TTTJJJQQQ******": [9,2.07],
    "JJJQQQKKK******": [9,2.08],
    "QQQKKKAAA******": [9,2.09],
    "333444555666********": [9,3.00],
    "444555666777********": [9,3.01],
    "555666777888********": [9,3.02],
    "666777888999********": [9,3.03],
    "777888999TTT********": [9,3.04],
    "888999TTTJJJ********": [9,3.05],
    "999TTTJJJQQQ********": [9,3.06],
    "TTTJJJQQQKKK********": [9,3.07],
    "JJJQQQKKKAAA********": [9,3.08],
    "3333**": [10,1.0],
    "4444**": [10,2.0],
    "5555**": [10,3.0],
    "6666**": [10,4.0],
    "7777**": [10,5.0],
    "8888**": [10,6.0],
    "9999**": [10,7.0],
    "TTTT**": [10,8.0],
    "JJJJ**": [10,9.0],
    "QQQQ**": [10,10.0],
    "KKKK**": [10,11.0],
    "AAAA**": [10,12.0],
    "2222**": [10,13.0],
    "3333****": [11,1.01],
    "4444****": [11,2.01],
    "5555****": [11,3.01],
    "6666****": [11,4.01],
    "7777****": [11,5.01],
    "8888****": [11,6.01],
    "9999****": [11,7.01],
    "TTTT****": [11,8.01],
    "JJJJ****": [11,9.01],
    "QQQQ****": [11,10.01],
    "KKKK****": [11,11.01],
    "AAAA****": [11,12.01],
    "2222****": [11,13.01],
    "3333": [12,1.0],
    "4444": [12,2.0],
    "5555": [12,3.0],
    "6666": [12,4.0],
    "7777": [12,5.0],
    "8888": [12,6.0],
    "9999": [12,7.0],
    "TTTT": [12,8.0],
    "JJJJ": [12,9.0],
    "QQQQ": [12,10.0],
    "KKKK": [12,11.0],
    "AAAA": [12,12.0],
    "2222": [12,13.0],
    "33333": [12,15],
    "44444": [12,16],
    "55555": [12,17],
    "66666": [12,18],
    "77777": [12,19],
    "88888": [12,20],
    "99999": [12,21],
    "TTTTT": [12,22],
    "JJJJJ": [12,23],
    "QQQQQ": [12,24],
    "KKKKK": [12,25],
    "AAAAA": [12,26],
    "22222": [12,27],
    "333333": [12,28],
    "444444": [12,29],
    "555555": [12,30],
    "666666": [12,31],
    "777777": [12,32],
    "888888": [12,33],
    "999999": [12,34],
    "TTTTTT": [12,35],
    "JJJJJJ": [12,36],
    "QQQQQQ": [12,37],
    "KKKKKK": [12,38],
    "AAAAAA": [12,39],
    "222222": [12,40],
    "3333333": [12,41],
    "4444444": [12,42],
    "5555555": [12,43],
    "6666666": [12,44],
    "7777777": [12,45],
    "8888888": [12,46],
    "9999999": [12,47],
    "TTTTTTT": [12,48],
    "JJJJJJJ": [12,49],
    "QQQQQQQ": [12,50],
    "KKKKKKK": [12,51],
    "AAAAAAA": [12,52],
    "2222222": [12,53],
    "33333333": [12,54],
    "44444444": [12,55],
    "55555555": [12,56],
    "66666666": [12,57],
    "77777777": [12,58],
    "88888888": [12,59],
    "99999999": [12,60],
    "TTTTTTTT": [12,61],
    "JJJJJJJJ": [12,62],
    "QQQQQQQQ": [12,63],
    "KKKKKKKK": [12,64],
    "AAAAAAAA": [12,65],
    "22222222": [12,66],
    "BR":[12, 14.0],
    "pass":[13,0.0]
}